<?xml version="1.0" encoding="UTF-8" standalone="no"?>
<!-- Generated 23 ene 2025, 10:53:15 by Hibernate Tools 6.3.2.Final --><!DOCTYPE hibernate-mapping PUBLIC "-//Hibernate/Hibernate Mapping DTD 3.0//EN" "http://www.hibernate.org/dtd/hibernate-mapping-3.0.dtd">
<hibernate-mapping>
    <class catalog="dgc" name="hibernate.Proyecto_dgc.Alegacion" optimistic-lock="none" table="alegacion">
        <id name="idAlegacion" type="java.lang.Integer">
            <column name="Id_Alegacion"/>
            <generator class="identity"/>
        </id>
        <many-to-one class="hibernate.Proyecto_dgc.Usuario" fetch="select" name="usuario">
            <column name="Id_Usuario" not-null="true"/>
        </many-to-one>
        <many-to-one class="hibernate.Proyecto_dgc.Proyecto" fetch="select" name="proyecto">
            <column name="Id_Proyecto" not-null="true"/>
        </many-to-one>
        <property name="fechaPresentacion" type="date">
            <column length="10" name="Fecha_Presentacion" not-null="true"/>
        </property>
        <property name="contenido" type="string">
            <column length="65535" name="Contenido" not-null="true"/>
        </property>
        <property name="resolucion" type="string">
            <column length="65535" name="Resolucion"/>
        </property>
        <property name="codigoValidacion" type="string">
            <column length="50" name="Codigo_Validacion" not-null="true" unique="true"/>
        </property>
        <property name="estado" type="string">
    <column name="Estado" sql-type="enum('valor1', 'valor2', 'valor3')" not-null="true"/>
</property>

    </class>
</hibernate-mapping>
