<?xml version="1.0" encoding="UTF-8" standalone="no"?>
<!-- Generated 23 ene 2025, 10:53:15 by Hibernate Tools 6.3.2.Final --><!DOCTYPE hibernate-mapping PUBLIC "-//Hibernate/Hibernate Mapping DTD 3.0//EN" "http://www.hibernate.org/dtd/hibernate-mapping-3.0.dtd">
<hibernate-mapping>
    <class catalog="dgc" name="hibernate.Proyecto_dgc.Favoritos" optimistic-lock="none" table="favoritos">
        <id name="idFavoritos" type="java.lang.Integer">
            <column name="Id_Favoritos"/>
            <generator class="identity"/>
        </id>
        <many-to-one class="hibernate.Proyecto_dgc.Usuario" fetch="select" name="usuario">
            <column name="Id_Usuario" not-null="true"/>
        </many-to-one>
        <many-to-one class="hibernate.Proyecto_dgc.Proyecto" fetch="select" name="proyecto">
            <column name="Id_Proyecto" not-null="true"/>
        </many-to-one>
    </class>
</hibernate-mapping>
