<?xml version="1.0" encoding="UTF-8" standalone="no"?>
<!-- Generated 23 ene 2025, 10:53:15 by Hibernate Tools 6.3.2.Final --><!DOCTYPE hibernate-mapping PUBLIC "-//Hibernate/Hibernate Mapping DTD 3.0//EN" "http://www.hibernate.org/dtd/hibernate-mapping-3.0.dtd">
<hibernate-mapping>
    <class catalog="dgc" name="hibernate.Proyecto_dgc.Notificaciones" optimistic-lock="none" table="notificaciones">
        <id name="idNotificacion" type="java.lang.Integer">
            <column name="Id_Notificacion"/>
            <generator class="identity"/>
        </id>
        <many-to-one class="hibernate.Proyecto_dgc.Usuario" fetch="select" name="usuario">
            <column name="Id_Usuario" not-null="true"/>
        </many-to-one>
        <property name="fecha" type="date">
            <column length="10" name="Fecha" not-null="true"/>
        </property>
        <property name="contenido" type="string">
            <column length="65535" name="Contenido" not-null="true"/>
        </property>
    </class>
</hibernate-mapping>
