<?xml version="1.0" encoding="UTF-8" standalone="no"?>
<!-- Generated 23 ene 2025, 10:53:15 by Hibernate Tools 6.3.2.Final --><!DOCTYPE hibernate-mapping PUBLIC "-//Hibernate/Hibernate Mapping DTD 3.0//EN" "http://www.hibernate.org/dtd/hibernate-mapping-3.0.dtd">
<hibernate-mapping>
    <class catalog="dgc" name="hibernate.Proyecto_dgc.Proyecto" optimistic-lock="none" table="proyecto">
        <id name="idProyecto" type="java.lang.Integer">
            <column name="Id_Proyecto"/>
            <generator class="identity"/>
        </id>
        <many-to-one class="hibernate.Proyecto_dgc.Usuario" fetch="select" name="usuarioByIdGestor">
            <column name="Id_Gestor"/>
        </many-to-one>
        <many-to-one class="hibernate.Proyecto_dgc.Usuario" fetch="select" name="usuarioByIdUsuario">
            <column name="Id_Usuario"/>
        </many-to-one>
        <property name="nombre" type="string">
            <column length="100" name="Nombre" not-null="true"/>
        </property>
        <property name="descripcion" type="string">
            <column length="65535" name="Descripcion"/>
        </property>
        <property name="estado" type="string">
            <column length="10" name="Estado" not-null="true"/>
        </property>
        <property name="fase" type="string">
            <column length="12" name="Fase" not-null="true"/>
        </property>
        <property name="presupuesto" type="big_decimal">
            <column name="Presupuesto" precision="15" scale="2"/>
        </property>
        <property name="fechaInicio" type="date">
            <column length="10" name="Fecha_Inicio"/>
        </property>
        <property name="fechaFin" type="date">
            <column length="10" name="Fecha_Fin"/>
        </property>
        <property name="ubicacion" type="string">
            <column length="65535" name="Ubicacion"/>
        </property>
        <property name="responsable" type="string">
            <column length="100" name="Responsable"/>
        </property>     
        <set fetch="select" inverse="true" lazy="true" name="favoritoses" table="favoritos">
            <key>
                <column name="Id_Proyecto" not-null="true"/>
            </key>
            <one-to-many class="hibernate.Proyecto_dgc.Favoritos"/>
        </set>
        <set fetch="select" inverse="true" lazy="true" name="informes" table="informe">
            <key>
                <column name="Id_Proyecto" not-null="true"/>
            </key>
            <one-to-many class="hibernate.Proyecto_dgc.Informe"/>
        </set>
        <set fetch="select" inverse="true" lazy="true" name="alegacions" table="alegacion">
            <key>
                <column name="Id_Proyecto" not-null="true"/>
            </key>
            <one-to-many class="hibernate.Proyecto_dgc.Alegacion"/>
        </set>
    </class>
</hibernate-mapping>
