<?xml version="1.0" encoding="UTF-8" standalone="no"?>
<!DOCTYPE hibernate-mapping PUBLIC "-//Hibernate/Hibernate Mapping DTD 3.0//EN" "http://www.hibernate.org/dtd/hibernate-mapping-3.0.dtd">
<hibernate-mapping>
    <class catalog="dgc" name="hibernate.Proyecto_dgc.Usuario" optimistic-lock="none" table="usuario">
        <id name="idUsuario" type="java.lang.Integer">
            <column name="Id_Usuario"/>
            <generator class="identity"/>
        </id>
        <property name="dni" type="string">
            <column length="15" name="DNI" not-null="true" unique="true"/>
        </property>
        <property name="nombre" type="string">
            <column length="100" name="Nombre" not-null="true"/>
        </property>
        <property name="apellidos" type="string">
            <column length="100" name="Apellidos" not-null="true"/>
        </property>
        <property name="email" type="string">
            <column length="100" name="Email" not-null="true" unique="true"/>
        </property>
        <property name="contrasena" type="string">
            <column length="100" name="Contrasena" not-null="true"/>
        </property>
        <property name="telefono" type="string">
            <column length="15" name="Telefono"/>
        </property>
        <property name="calle" type="string">
            <column length="255" name="Calle"/>
        </property>
        <property name="ciudad" type="string">
            <column length="100" name="Ciudad"/>
        </property>
        <property name="codigoPostal" type="string">
            <column length="15" name="Codigo_Postal"/>
        </property>
        <property name="provincia" type="string">
            <column length="100" name="Provincia"/>
        </property>
        <property name="pais" type="string">
            <column length="100" name="Pais"/>
        </property>
        <property name="fechaAlta" type="date">
            <column length="10" name="Fecha_Alta" not-null="true"/>
        </property>
        <property name="fechaUltimoAcceso" type="timestamp">
            <column length="19" name="Fecha_Ultimo_Acceso"/>
        </property>
        <property name="tipoUsuario">
    <column length="21" name="Tipo_Usuario" not-null="true"/>
    <type name="org.hibernate.type.EnumType">
        <param name="enumClass">hibernate.Proyecto_dgc.Usuario$TipoUsuario</param>
        <param name="useNamed">true</param>
    </type>
</property>

        <property name="validado" type="boolean">
            <column name="Validado" not-null="true"/>
        </property>
    </class>
</hibernate-mapping>
