<?xml version="1.0" encoding="UTF-8" standalone="no"?>
<!DOCTYPE hibernate-configuration PUBLIC "-//Hibernate/Hibernate Configuration DTD 3.0//EN" "http://www.hibernate.org/dtd/hibernate-configuration-3.0.dtd">
<hibernate-configuration>
    <session-factory>
        <property name="hibernate.connection.driver_class">com.mysql.cj.jdbc.Driver</property>
        <property name="hibernate.connection.url">jdbc:mysql://localhost/dgc</property>
        <property name="hibernate.connection.username">root</property>
        <property name="hibernate.dialect">org.hibernate.dialect.MySQL8Dialect</property>
        <property name="hibernate.hbm2ddl.auto">update</property>
        <property name="hibernate.show_sql">true</property>
        <property name="hibernate.format_sql">true</property>
        <property name="hibernate.use_sql_comments">true</property>
        <property name="hibernate.generate_statistics">true</property>

        <!-- Mapeos de entidades -->
        <mapping resource="hibernate/Proyecto_dgc/Alegacion.hbm.xml"/>
        <mapping resource="hibernate/Proyecto_dgc/Notificaciones.hbm.xml"/>
        <mapping resource="hibernate/Proyecto_dgc/Favoritos.hbm.xml"/>
        <mapping resource="hibernate/Proyecto_dgc/Usuario.hbm.xml"/>
        <mapping resource="hibernate/Proyecto_dgc/Informe.hbm.xml"/>
        <mapping resource="hibernate/Proyecto_dgc/Proyecto.hbm.xml"/>
        <mapping class="hibernate.Proyecto_dgc.TestEntity"/>
        
    </session-factory>
</hibernate-configuration>

