<?xml version="1.0" encoding="UTF-8"?>
<jasperPrint xmlns="http://jasperreports.sourceforge.net/jasperreports/print" xmlns:xsi="http://www.w3.org/2001/XMLSchema-instance" xsi:schemaLocation="http://jasperreports.sourceforge.net/jasperreports/print http://jasperreports.sourceforge.net/xsd/jasperprint.xsd" name="report3" pageWidth="595" pageHeight="842" topMargin="20" leftMargin="20" bottomMargin="20" rightMargin="20" locale="es_ES" timezone="Europe/Madrid">
	<property name="net.sf.jasperreports.export.xml.start.page.index" value="0"/>
	<property name="net.sf.jasperreports.export.xml.end.page.index" value="0"/>
	<property name="net.sf.jasperreports.export.xml.page.count" value="1"/>
	<origin group="ciclo_formativo" band="groupHeader"/>
	<origin group="ciclo_formativo" band="groupFooter"/>
	<origin band="background"/>
	<origin band="title"/>
	<origin band="pageHeader"/>
	<origin band="columnHeader"/>
	<origin band="detail"/>
	<origin band="columnFooter"/>
	<origin band="pageFooter"/>
	<origin band="summary"/>
	<style name="Title" forecolor="#FFFFFF" fontName="Times New Roman" fontSize="50" isBold="false" pdfFontName="Times-Bold"/>
	<style name="SubTitle" forecolor="#CCCCCC" fontName="Times New Roman" fontSize="18" isBold="false" pdfFontName="Times-Roman"/>
	<style name="Column header" forecolor="#666666" fontName="Times New Roman" fontSize="14" isBold="true" pdfFontName="Times-Roman"/>
	<style name="Detail" mode="Transparent" fontName="Times New Roman" pdfFontName="Times-Roman"/>
	<style name="Row" mode="Transparent" fontName="Times New Roman" pdfFontName="Times-Roman"/>
	<style name="Row|1" mode="Opaque" backcolor="#F0EFEF" fontName="Times New Roman" pdfFontName="Times-Roman"/>
	<page>
		<frame>
			<reportElement uuid="72d16398-8dce-4fc9-b6bd-adc7cab43a7e" mode="Opaque" x="20" y="20" width="555" height="95" backcolor="#000000" origin="3" srcId="3" printId="1"/>
			<text textAlignment="Center" verticalAlignment="Middle" textHeight="33.347168" lineSpacingFactor="1.1499023" leadingOffset="-6.272949">
				<reportElement uuid="ba681fd1-efa9-4b02-8ee2-9ba774aac821" style="Title" x="0" y="0" width="555" height="66" origin="3" srcId="4" printId="1"/>
				<font size="29" isBold="true"/>
				<textContent><![CDATA[Alumnos que participan en FPDual por ciclo]]></textContent>
			</text>
			<text textHeight="25.297852" lineSpacingFactor="1.1499023" leadingOffset="-4.758789">
				<reportElement uuid="93557964-c982-4977-af0e-32781764dcb7" style="SubTitle" x="2" y="66" width="249" height="29" origin="3" srcId="5" printId="1"/>
				<font size="22" isBold="false"/>
				<textContent><![CDATA[Participan:]]></textContent>
			</text>
		</frame>
		<frame>
			<reportElement uuid="7302335c-4e4a-493d-85db-e44c8dbbbe17" mode="Opaque" x="20" y="120" width="555" height="32" forecolor="#000000" backcolor="#CC0000" origin="3" srcId="6" printId="1"/>
			<text textAlignment="Right" textHeight="15.09375" lineSpacingFactor="1.2578125" leadingOffset="-2.6367188" valueClass="java.util.Date" pattern="EEEEE dd MMMMM yyyy">
				<reportElement uuid="30944ac1-cbc7-4f7d-bf9b-24a25d590f0e" x="408" y="12" width="144" height="20" forecolor="#FFFFFF" origin="3" srcId="7" printId="1"/>
				<font size="12"/>
				<textContent><![CDATA[martes 11 febrero 2025]]></textContent>
			</text>
		</frame>
		<text textAlignment="Center" textHeight="16.098633" lineSpacingFactor="1.1499023" leadingOffset="-3.0283203">
			<reportElement uuid="a625275c-c7ad-4c5c-93ed-42cf6d57b1d9" style="Column header" x="20" y="159" width="108" height="18" forecolor="#000000" origin="5" srcId="8" printId="1"/>
			<font isBold="true"/>
			<textContent><![CDATA[ID]]></textContent>
		</text>
		<text textAlignment="Center" textHeight="16.098633" lineSpacingFactor="1.1499023" leadingOffset="-3.0283203">
			<reportElement uuid="8280a895-3fc1-4e68-abd2-680094b5400a" style="Column header" x="128" y="159" width="204" height="18" forecolor="#000000" origin="5" srcId="9" printId="1"/>
			<font isBold="true"/>
			<textContent><![CDATA[Nombre]]></textContent>
		</text>
		<text textAlignment="Center" textHeight="16.098633" lineSpacingFactor="1.1499023" leadingOffset="-3.0283203">
			<reportElement uuid="465cfed1-59ae-4ec3-922a-dc64054b17ed" style="Column header" x="332" y="159" width="155" height="18" forecolor="#000000" origin="5" srcId="10" printId="1"/>
			<font isBold="true"/>
			<textContent><![CDATA[DNI]]></textContent>
		</text>
		<text textAlignment="Center" textHeight="16.098633" lineSpacingFactor="1.1499023" leadingOffset="-3.0283203">
			<reportElement uuid="f78fdff9-896c-4804-8b7c-15d0ef4ffc3b" style="Column header" x="487" y="159" width="85" height="18" forecolor="#000000" origin="5" srcId="11" printId="1"/>
			<font isBold="true"/>
			<textContent><![CDATA[Curso]]></textContent>
		</text>
		<frame>
			<reportElement uuid="53ad3e05-6537-4be1-9877-6a3983df7ee2" mode="Opaque" x="20" y="185" width="555" height="24" forecolor="#B89F7D" backcolor="#000000" origin="0" srcId="1" printId="1"/>
			<text textAlignment="Center" textHeight="20.698242" lineSpacingFactor="1.1499023" leadingOffset="-3.8935547">
				<reportElement uuid="65f22650-49eb-470f-97be-69d2f1d64e98" style="SubTitle" x="2" y="0" width="550" height="24" forecolor="#FFFFFF" origin="0" srcId="2" printId="1"/>
				<font isBold="false"/>
				<textContent><![CDATA[CFGB]]></textContent>
			</text>
		</frame>
		<frame>
			<reportElement uuid="5d71049c-114d-4ac3-ad62-8d00b0aa7afd" style="Row" mode="Opaque" x="20" y="215" width="555" height="18" origin="6" srcId="12" printId="1"/>
			<text textAlignment="Center" textHeight="16.098633" lineSpacingFactor="1.1499023" leadingOffset="-3.0283203" valueClass="java.lang.Integer">
				<reportElement uuid="c992061b-2712-4b14-8d0f-eb66edc93c68" style="Detail" x="0" y="0" width="108" height="18" origin="6" srcId="13" printId="1"/>
				<font size="14"/>
				<textContent><![CDATA[14]]></textContent>
			</text>
			<text textAlignment="Center" textHeight="16.098633" lineSpacingFactor="1.1499023" leadingOffset="-3.0283203">
				<reportElement uuid="09c379b6-8616-47b2-a041-02177ad67f22" style="Detail" x="108" y="0" width="204" height="18" origin="6" srcId="14" printId="1"/>
				<font size="14"/>
				<textContent><![CDATA[Laura García]]></textContent>
			</text>
			<text textAlignment="Center" textHeight="16.098633" lineSpacingFactor="1.1499023" leadingOffset="-3.0283203">
				<reportElement uuid="b68c7c10-3436-4f12-a875-24cb32eb94e9" style="Detail" x="312" y="0" width="155" height="18" origin="6" srcId="15" printId="1"/>
				<font size="14"/>
				<textContent><![CDATA[12345678A]]></textContent>
			</text>
			<text textAlignment="Center" textHeight="16.098633" lineSpacingFactor="1.1499023" leadingOffset="-3.0283203" valueClass="java.lang.Integer">
				<reportElement uuid="e7e933f8-e987-4bc2-b0c5-03501229a366" style="Detail" x="467" y="0" width="85" height="18" origin="6" srcId="16" printId="1"/>
				<font size="14"/>
				<textContent><![CDATA[2]]></textContent>
			</text>
		</frame>
		<frame>
			<reportElement uuid="5d71049c-114d-4ac3-ad62-8d00b0aa7afd" style="Row|1" mode="Opaque" x="20" y="233" width="555" height="18" origin="6" srcId="12" printId="2"/>
			<text textAlignment="Center" textHeight="16.098633" lineSpacingFactor="1.1499023" leadingOffset="-3.0283203" valueClass="java.lang.Integer">
				<reportElement uuid="c992061b-2712-4b14-8d0f-eb66edc93c68" style="Detail" x="0" y="0" width="108" height="18" origin="6" srcId="13" printId="2"/>
				<font size="14"/>
				<textContent><![CDATA[21]]></textContent>
			</text>
			<text textAlignment="Center" textHeight="16.098633" lineSpacingFactor="1.1499023" leadingOffset="-3.0283203">
				<reportElement uuid="09c379b6-8616-47b2-a041-02177ad67f22" style="Detail" x="108" y="0" width="204" height="18" origin="6" srcId="14" printId="2"/>
				<font size="14"/>
				<textContent><![CDATA[Sergio Martín]]></textContent>
			</text>
			<text textAlignment="Center" textHeight="16.098633" lineSpacingFactor="1.1499023" leadingOffset="-3.0283203">
				<reportElement uuid="b68c7c10-3436-4f12-a875-24cb32eb94e9" style="Detail" x="312" y="0" width="155" height="18" origin="6" srcId="15" printId="2"/>
				<font size="14"/>
				<textContent><![CDATA[89012345H]]></textContent>
			</text>
			<text textAlignment="Center" textHeight="16.098633" lineSpacingFactor="1.1499023" leadingOffset="-3.0283203" valueClass="java.lang.Integer">
				<reportElement uuid="e7e933f8-e987-4bc2-b0c5-03501229a366" style="Detail" x="467" y="0" width="85" height="18" origin="6" srcId="16" printId="2"/>
				<font size="14"/>
				<textContent><![CDATA[2]]></textContent>
			</text>
		</frame>
		<frame>
			<reportElement uuid="53ad3e05-6537-4be1-9877-6a3983df7ee2" mode="Opaque" x="20" y="264" width="555" height="24" forecolor="#B89F7D" backcolor="#000000" origin="0" srcId="1" printId="2"/>
			<text textAlignment="Center" textHeight="20.698242" lineSpacingFactor="1.1499023" leadingOffset="-3.8935547">
				<reportElement uuid="65f22650-49eb-470f-97be-69d2f1d64e98" style="SubTitle" x="2" y="0" width="550" height="24" forecolor="#FFFFFF" origin="0" srcId="2" printId="2"/>
				<font isBold="false"/>
				<textContent><![CDATA[SMR]]></textContent>
			</text>
		</frame>
		<frame>
			<reportElement uuid="5d71049c-114d-4ac3-ad62-8d00b0aa7afd" style="Row" mode="Opaque" x="20" y="294" width="555" height="18" origin="6" srcId="12" printId="3"/>
			<text textAlignment="Center" textHeight="16.098633" lineSpacingFactor="1.1499023" leadingOffset="-3.0283203" valueClass="java.lang.Integer">
				<reportElement uuid="c992061b-2712-4b14-8d0f-eb66edc93c68" style="Detail" x="0" y="0" width="108" height="18" origin="6" srcId="13" printId="3"/>
				<font size="14"/>
				<textContent><![CDATA[17]]></textContent>
			</text>
			<text textAlignment="Center" textHeight="16.098633" lineSpacingFactor="1.1499023" leadingOffset="-3.0283203">
				<reportElement uuid="09c379b6-8616-47b2-a041-02177ad67f22" style="Detail" x="108" y="0" width="204" height="18" origin="6" srcId="14" printId="3"/>
				<font size="14"/>
				<textContent><![CDATA[Javier Ruiz]]></textContent>
			</text>
			<text textAlignment="Center" textHeight="16.098633" lineSpacingFactor="1.1499023" leadingOffset="-3.0283203">
				<reportElement uuid="b68c7c10-3436-4f12-a875-24cb32eb94e9" style="Detail" x="312" y="0" width="155" height="18" origin="6" srcId="15" printId="3"/>
				<font size="14"/>
				<textContent><![CDATA[45678901D]]></textContent>
			</text>
			<text textAlignment="Center" textHeight="16.098633" lineSpacingFactor="1.1499023" leadingOffset="-3.0283203" valueClass="java.lang.Integer">
				<reportElement uuid="e7e933f8-e987-4bc2-b0c5-03501229a366" style="Detail" x="467" y="0" width="85" height="18" origin="6" srcId="16" printId="3"/>
				<font size="14"/>
				<textContent><![CDATA[2]]></textContent>
			</text>
		</frame>
		<frame>
			<reportElement uuid="53ad3e05-6537-4be1-9877-6a3983df7ee2" mode="Opaque" x="20" y="325" width="555" height="24" forecolor="#B89F7D" backcolor="#000000" origin="0" srcId="1" printId="3"/>
			<text textAlignment="Center" textHeight="20.698242" lineSpacingFactor="1.1499023" leadingOffset="-3.8935547">
				<reportElement uuid="65f22650-49eb-470f-97be-69d2f1d64e98" style="SubTitle" x="2" y="0" width="550" height="24" forecolor="#FFFFFF" origin="0" srcId="2" printId="3"/>
				<font isBold="false"/>
				<textContent><![CDATA[DAM]]></textContent>
			</text>
		</frame>
		<frame>
			<reportElement uuid="5d71049c-114d-4ac3-ad62-8d00b0aa7afd" style="Row|1" mode="Opaque" x="20" y="355" width="555" height="18" origin="6" srcId="12" printId="4"/>
			<text textAlignment="Center" textHeight="16.098633" lineSpacingFactor="1.1499023" leadingOffset="-3.0283203" valueClass="java.lang.Integer">
				<reportElement uuid="c992061b-2712-4b14-8d0f-eb66edc93c68" style="Detail" x="0" y="0" width="108" height="18" origin="6" srcId="13" printId="4"/>
				<font size="14"/>
				<textContent><![CDATA[18]]></textContent>
			</text>
			<text textAlignment="Center" textHeight="16.098633" lineSpacingFactor="1.1499023" leadingOffset="-3.0283203">
				<reportElement uuid="09c379b6-8616-47b2-a041-02177ad67f22" style="Detail" x="108" y="0" width="204" height="18" origin="6" srcId="14" printId="4"/>
				<font size="14"/>
				<textContent><![CDATA[Beatriz Sánchez]]></textContent>
			</text>
			<text textAlignment="Center" textHeight="16.098633" lineSpacingFactor="1.1499023" leadingOffset="-3.0283203">
				<reportElement uuid="b68c7c10-3436-4f12-a875-24cb32eb94e9" style="Detail" x="312" y="0" width="155" height="18" origin="6" srcId="15" printId="4"/>
				<font size="14"/>
				<textContent><![CDATA[56789012E]]></textContent>
			</text>
			<text textAlignment="Center" textHeight="16.098633" lineSpacingFactor="1.1499023" leadingOffset="-3.0283203" valueClass="java.lang.Integer">
				<reportElement uuid="e7e933f8-e987-4bc2-b0c5-03501229a366" style="Detail" x="467" y="0" width="85" height="18" origin="6" srcId="16" printId="4"/>
				<font size="14"/>
				<textContent><![CDATA[2]]></textContent>
			</text>
		</frame>
		<frame>
			<reportElement uuid="5d71049c-114d-4ac3-ad62-8d00b0aa7afd" style="Row" mode="Opaque" x="20" y="373" width="555" height="18" origin="6" srcId="12" printId="5"/>
			<text textAlignment="Center" textHeight="16.098633" lineSpacingFactor="1.1499023" leadingOffset="-3.0283203" valueClass="java.lang.Integer">
				<reportElement uuid="c992061b-2712-4b14-8d0f-eb66edc93c68" style="Detail" x="0" y="0" width="108" height="18" origin="6" srcId="13" printId="5"/>
				<font size="14"/>
				<textContent><![CDATA[19]]></textContent>
			</text>
			<text textAlignment="Center" textHeight="16.098633" lineSpacingFactor="1.1499023" leadingOffset="-3.0283203">
				<reportElement uuid="09c379b6-8616-47b2-a041-02177ad67f22" style="Detail" x="108" y="0" width="204" height="18" origin="6" srcId="14" printId="5"/>
				<font size="14"/>
				<textContent><![CDATA[David Fernández]]></textContent>
			</text>
			<text textAlignment="Center" textHeight="16.098633" lineSpacingFactor="1.1499023" leadingOffset="-3.0283203">
				<reportElement uuid="b68c7c10-3436-4f12-a875-24cb32eb94e9" style="Detail" x="312" y="0" width="155" height="18" origin="6" srcId="15" printId="5"/>
				<font size="14"/>
				<textContent><![CDATA[67890123F]]></textContent>
			</text>
			<text textAlignment="Center" textHeight="16.098633" lineSpacingFactor="1.1499023" leadingOffset="-3.0283203" valueClass="java.lang.Integer">
				<reportElement uuid="e7e933f8-e987-4bc2-b0c5-03501229a366" style="Detail" x="467" y="0" width="85" height="18" origin="6" srcId="16" printId="5"/>
				<font size="14"/>
				<textContent><![CDATA[2]]></textContent>
			</text>
		</frame>
		<frame>
			<reportElement uuid="5d71049c-114d-4ac3-ad62-8d00b0aa7afd" style="Row|1" mode="Opaque" x="20" y="391" width="555" height="18" origin="6" srcId="12" printId="6"/>
			<text textAlignment="Center" textHeight="16.098633" lineSpacingFactor="1.1499023" leadingOffset="-3.0283203" valueClass="java.lang.Integer">
				<reportElement uuid="c992061b-2712-4b14-8d0f-eb66edc93c68" style="Detail" x="0" y="0" width="108" height="18" origin="6" srcId="13" printId="6"/>
				<font size="14"/>
				<textContent><![CDATA[22]]></textContent>
			</text>
			<text textAlignment="Center" textHeight="16.098633" lineSpacingFactor="1.1499023" leadingOffset="-3.0283203">
				<reportElement uuid="09c379b6-8616-47b2-a041-02177ad67f22" style="Detail" x="108" y="0" width="204" height="18" origin="6" srcId="14" printId="6"/>
				<font size="14"/>
				<textContent><![CDATA[Isabel Gómez]]></textContent>
			</text>
			<text textAlignment="Center" textHeight="16.098633" lineSpacingFactor="1.1499023" leadingOffset="-3.0283203">
				<reportElement uuid="b68c7c10-3436-4f12-a875-24cb32eb94e9" style="Detail" x="312" y="0" width="155" height="18" origin="6" srcId="15" printId="6"/>
				<font size="14"/>
				<textContent><![CDATA[90123456I]]></textContent>
			</text>
			<text textAlignment="Center" textHeight="16.098633" lineSpacingFactor="1.1499023" leadingOffset="-3.0283203" valueClass="java.lang.Integer">
				<reportElement uuid="e7e933f8-e987-4bc2-b0c5-03501229a366" style="Detail" x="467" y="0" width="85" height="18" origin="6" srcId="16" printId="6"/>
				<font size="14"/>
				<textContent><![CDATA[2]]></textContent>
			</text>
		</frame>
		<frame>
			<reportElement uuid="5d71049c-114d-4ac3-ad62-8d00b0aa7afd" style="Row" mode="Opaque" x="20" y="409" width="555" height="18" origin="6" srcId="12" printId="7"/>
			<text textAlignment="Center" textHeight="16.098633" lineSpacingFactor="1.1499023" leadingOffset="-3.0283203" valueClass="java.lang.Integer">
				<reportElement uuid="c992061b-2712-4b14-8d0f-eb66edc93c68" style="Detail" x="0" y="0" width="108" height="18" origin="6" srcId="13" printId="7"/>
				<font size="14"/>
				<textContent><![CDATA[24]]></textContent>
			</text>
			<text textAlignment="Center" textHeight="16.098633" lineSpacingFactor="1.1499023" leadingOffset="-3.0283203">
				<reportElement uuid="09c379b6-8616-47b2-a041-02177ad67f22" style="Detail" x="108" y="0" width="204" height="18" origin="6" srcId="14" printId="7"/>
				<font size="14"/>
				<textContent><![CDATA[Laura López]]></textContent>
			</text>
			<text textAlignment="Center" textHeight="16.098633" lineSpacingFactor="1.1499023" leadingOffset="-3.0283203">
				<reportElement uuid="b68c7c10-3436-4f12-a875-24cb32eb94e9" style="Detail" x="312" y="0" width="155" height="18" origin="6" srcId="15" printId="7"/>
				<font size="14"/>
				<textContent><![CDATA[49429523Q]]></textContent>
			</text>
			<text textAlignment="Center" textHeight="16.098633" lineSpacingFactor="1.1499023" leadingOffset="-3.0283203" valueClass="java.lang.Integer">
				<reportElement uuid="e7e933f8-e987-4bc2-b0c5-03501229a366" style="Detail" x="467" y="0" width="85" height="18" origin="6" srcId="16" printId="7"/>
				<font size="14"/>
				<textContent><![CDATA[2]]></textContent>
			</text>
		</frame>
		<line>
			<reportElement uuid="47552aa6-af10-45b9-8a62-75f2bcff539d" x="20" y="793" width="555" height="1" origin="7" srcId="17" printId="1"/>
			<graphicElement>
				<pen lineWidth="0.5" lineColor="#999999"/>
			</graphicElement>
		</line>
		<frame>
			<reportElement uuid="53ca4b48-a808-41de-8b0e-2bb1eff9250f" mode="Opaque" x="20" y="798" width="555" height="24" forecolor="#D0B48E" backcolor="#000000" origin="8" srcId="18" printId="1"/>
			<text verticalAlignment="Middle" textHeight="11.499023" lineSpacingFactor="1.1499023" leadingOffset="-2.163086">
				<reportElement uuid="7bd56cd4-5cc0-4b2c-aa16-ed6df033e0d6" style="Column header" x="513" y="0" width="40" height="20" forecolor="#FFFFFF" origin="8" srcId="19" printId="1"/>
				<font size="10" isBold="false"/>
				<textContent><![CDATA[ 1]]></textContent>
			</text>
			<text textAlignment="Right" verticalAlignment="Middle" textHeight="11.499023" lineSpacingFactor="1.1499023" leadingOffset="-2.163086">
				<reportElement uuid="f52bdced-b2c8-4f7d-b158-b9daa7f0f8be" style="Column header" x="433" y="0" width="80" height="20" forecolor="#FFFFFF" origin="8" srcId="20" printId="1"/>
				<font size="10" isBold="false"/>
				<textContent><![CDATA[Page 1 of]]></textContent>
			</text>
			<text verticalAlignment="Middle" textHeight="11.499023" lineSpacingFactor="1.1499023" leadingOffset="-2.163086" valueClass="java.util.Date" pattern="EEEEE dd MMMMM yyyy">
				<reportElement uuid="dc7fa0a8-4095-49e7-9092-14d63f998310" style="Column header" x="2" y="1" width="197" height="20" forecolor="#FFFFFF" origin="8" srcId="21" printId="1"/>
				<font size="10" isBold="false"/>
				<textContent><![CDATA[martes 11 febrero 2025]]></textContent>
			</text>
		</frame>
	</page>
</jasperPrint>
