<?xml version="1.0" encoding="UTF-8"?>
<jasperPrint xmlns="http://jasperreports.sourceforge.net/jasperreports/print" xmlns:xsi="http://www.w3.org/2001/XMLSchema-instance" xsi:schemaLocation="http://jasperreports.sourceforge.net/jasperreports/print http://jasperreports.sourceforge.net/xsd/jasperprint.xsd" name="report2" pageWidth="595" pageHeight="842" topMargin="20" leftMargin="20" bottomMargin="20" rightMargin="20" locale="es_ES" timezone="Europe/Madrid">
	<property name="net.sf.jasperreports.export.xml.start.page.index" value="0"/>
	<property name="net.sf.jasperreports.export.xml.end.page.index" value="0"/>
	<property name="net.sf.jasperreports.export.xml.page.count" value="1"/>
	<origin band="background"/>
	<origin band="title"/>
	<origin band="pageHeader"/>
	<origin band="columnHeader"/>
	<origin band="detail"/>
	<origin band="columnFooter"/>
	<origin band="pageFooter"/>
	<origin band="summary"/>
	<style name="Title" forecolor="#FFFFFF" fontName="Times New Roman" fontSize="50" isBold="false" pdfFontName="Times-Bold"/>
	<style name="SubTitle" forecolor="#CCCCCC" fontName="Times New Roman" fontSize="18" isBold="false" pdfFontName="Times-Roman"/>
	<style name="Column header" forecolor="#666666" fontName="Times New Roman" fontSize="14" isBold="true" pdfFontName="Times-Roman"/>
	<style name="Detail" mode="Transparent" fontName="Times New Roman" pdfFontName="Times-Roman"/>
	<style name="Row" mode="Transparent" fontName="Times New Roman" pdfFontName="Times-Roman"/>
	<style name="Row|1" mode="Opaque" backcolor="#F0EFEF" fontName="Times New Roman" pdfFontName="Times-Roman"/>
	<page>
		<frame>
			<reportElement uuid="7bb3942e-f9dd-4973-873f-45330b7d5c07" mode="Opaque" x="20" y="20" width="553" height="95" backcolor="#000000" origin="1" srcId="1" printId="1"/>
			<text textAlignment="Center" verticalAlignment="Middle" textHeight="33.347168" lineSpacingFactor="1.1499023" leadingOffset="-6.272949">
				<reportElement uuid="f6d2d40a-0524-47d7-8ad6-92e118da1479" style="Title" x="0" y="0" width="553" height="66" origin="1" srcId="2" printId="1"/>
				<font size="29" isBold="true"/>
				<textContent><![CDATA[Alumnos que no participan en FPDual]]></textContent>
			</text>
			<text textHeight="25.297852" lineSpacingFactor="1.1499023" leadingOffset="-4.758789">
				<reportElement uuid="5d3870a6-5498-462f-9c31-24066c67afcf" style="SubTitle" x="2" y="66" width="249" height="29" origin="1" srcId="3" printId="1"/>
				<font size="22" isBold="false"/>
				<textContent><![CDATA[No participan:]]></textContent>
			</text>
		</frame>
		<frame>
			<reportElement uuid="b2564e62-6729-4d74-87e4-1e7377d956af" mode="Opaque" x="20" y="120" width="555" height="32" forecolor="#000000" backcolor="#CC0000" origin="1" srcId="4" printId="1"/>
			<text textAlignment="Right" textHeight="15.09375" lineSpacingFactor="1.2578125" leadingOffset="-2.6367188" valueClass="java.util.Date" pattern="EEEEE dd MMMMM yyyy">
				<reportElement uuid="db0e2140-6022-40dc-b8bd-34dc432ed5fe" x="409" y="12" width="144" height="20" forecolor="#FFFFFF" origin="1" srcId="5" printId="1"/>
				<font size="12"/>
				<textContent><![CDATA[martes 11 febrero 2025]]></textContent>
			</text>
		</frame>
		<text textAlignment="Center" textHeight="16.098633" lineSpacingFactor="1.1499023" leadingOffset="-3.0283203">
			<reportElement uuid="b339be29-8546-4463-9d75-a150cc89d543" style="Column header" x="20" y="159" width="111" height="18" forecolor="#000000" origin="3" srcId="6" printId="1"/>
			<font isBold="true"/>
			<textContent><![CDATA[ID]]></textContent>
		</text>
		<text textAlignment="Center" textHeight="16.098633" lineSpacingFactor="1.1499023" leadingOffset="-3.0283203">
			<reportElement uuid="d5d87675-d0c9-42dd-b35e-18d8d87a2e0a" style="Column header" x="131" y="159" width="175" height="18" forecolor="#000000" origin="3" srcId="7" printId="1"/>
			<font isBold="true"/>
			<textContent><![CDATA[Nombre]]></textContent>
		</text>
		<text textAlignment="Center" textHeight="16.098633" lineSpacingFactor="1.1499023" leadingOffset="-3.0283203">
			<reportElement uuid="2c67fb09-bd19-4ff0-ab61-8f75f5954332" style="Column header" x="306" y="160" width="123" height="18" forecolor="#000000" origin="3" srcId="8" printId="1"/>
			<font isBold="true"/>
			<textContent><![CDATA[DNI]]></textContent>
		</text>
		<text textAlignment="Center" textHeight="16.098633" lineSpacingFactor="1.1499023" leadingOffset="-3.0283203">
			<reportElement uuid="fb015ea9-fd26-45e1-8f41-c43c91577583" style="Column header" x="429" y="159" width="70" height="18" forecolor="#000000" origin="3" srcId="9" printId="1"/>
			<font isBold="true"/>
			<textContent><![CDATA[Ciclo]]></textContent>
		</text>
		<text textAlignment="Center" textHeight="16.098633" lineSpacingFactor="1.1499023" leadingOffset="-3.0283203">
			<reportElement uuid="bba36c9e-27c8-4607-ac03-6c321f893b79" style="Column header" x="499" y="159" width="76" height="18" forecolor="#000000" origin="3" srcId="10" printId="1"/>
			<font isBold="true"/>
			<textContent><![CDATA[Curso]]></textContent>
		</text>
		<frame>
			<reportElement uuid="cba10e43-e74d-4f85-89ef-9aeb71db950b" style="Row" mode="Opaque" x="20" y="178" width="555" height="18" origin="4" srcId="11" printId="1"/>
			<text textAlignment="Center" textHeight="16.098633" lineSpacingFactor="1.1499023" leadingOffset="-3.0283203" valueClass="java.lang.Integer">
				<reportElement uuid="dfb5f27a-b176-4a13-92bc-d71d330c59e5" style="Detail" x="0" y="0" width="111" height="18" origin="4" srcId="12" printId="1"/>
				<font size="14"/>
				<textContent><![CDATA[15]]></textContent>
			</text>
			<text textAlignment="Center" textHeight="16.098633" lineSpacingFactor="1.1499023" leadingOffset="-3.0283203">
				<reportElement uuid="46686c9b-5620-4509-bffe-a2d284dfc029" style="Detail" x="111" y="0" width="175" height="18" origin="4" srcId="13" printId="1"/>
				<font size="14"/>
				<textContent><![CDATA[Carlos Pérez]]></textContent>
			</text>
			<text textAlignment="Center" textHeight="16.098633" lineSpacingFactor="1.1499023" leadingOffset="-3.0283203">
				<reportElement uuid="67f3c879-52d8-48ca-9a06-6b37d868eb25" style="Detail" x="286" y="0" width="123" height="18" origin="4" srcId="14" printId="1"/>
				<font size="14"/>
				<textContent><![CDATA[23456789B]]></textContent>
			</text>
			<text textAlignment="Center" textHeight="16.098633" lineSpacingFactor="1.1499023" leadingOffset="-3.0283203">
				<reportElement uuid="8423defb-e26e-428c-b2cb-1e7ea3d467a2" style="Detail" x="409" y="0" width="70" height="18" origin="4" srcId="15" printId="1"/>
				<font size="14"/>
				<textContent><![CDATA[CFGB]]></textContent>
			</text>
			<text textAlignment="Center" textHeight="16.098633" lineSpacingFactor="1.1499023" leadingOffset="-3.0283203" valueClass="java.lang.Integer">
				<reportElement uuid="ad4b96eb-0fdc-4895-bf07-454e7ff7f334" style="Detail" x="479" y="0" width="76" height="18" origin="4" srcId="16" printId="1"/>
				<font size="14"/>
				<textContent><![CDATA[1]]></textContent>
			</text>
		</frame>
		<frame>
			<reportElement uuid="cba10e43-e74d-4f85-89ef-9aeb71db950b" style="Row|1" mode="Opaque" x="20" y="196" width="555" height="18" origin="4" srcId="11" printId="2"/>
			<text textAlignment="Center" textHeight="16.098633" lineSpacingFactor="1.1499023" leadingOffset="-3.0283203" valueClass="java.lang.Integer">
				<reportElement uuid="dfb5f27a-b176-4a13-92bc-d71d330c59e5" style="Detail" x="0" y="0" width="111" height="18" origin="4" srcId="12" printId="2"/>
				<font size="14"/>
				<textContent><![CDATA[16]]></textContent>
			</text>
			<text textAlignment="Center" textHeight="16.098633" lineSpacingFactor="1.1499023" leadingOffset="-3.0283203">
				<reportElement uuid="46686c9b-5620-4509-bffe-a2d284dfc029" style="Detail" x="111" y="0" width="175" height="18" origin="4" srcId="13" printId="2"/>
				<font size="14"/>
				<textContent><![CDATA[Ana López]]></textContent>
			</text>
			<text textAlignment="Center" textHeight="16.098633" lineSpacingFactor="1.1499023" leadingOffset="-3.0283203">
				<reportElement uuid="67f3c879-52d8-48ca-9a06-6b37d868eb25" style="Detail" x="286" y="0" width="123" height="18" origin="4" srcId="14" printId="2"/>
				<font size="14"/>
				<textContent><![CDATA[34567890C]]></textContent>
			</text>
			<text textAlignment="Center" textHeight="16.098633" lineSpacingFactor="1.1499023" leadingOffset="-3.0283203">
				<reportElement uuid="8423defb-e26e-428c-b2cb-1e7ea3d467a2" style="Detail" x="409" y="0" width="70" height="18" origin="4" srcId="15" printId="2"/>
				<font size="14"/>
				<textContent><![CDATA[SMR]]></textContent>
			</text>
			<text textAlignment="Center" textHeight="16.098633" lineSpacingFactor="1.1499023" leadingOffset="-3.0283203" valueClass="java.lang.Integer">
				<reportElement uuid="ad4b96eb-0fdc-4895-bf07-454e7ff7f334" style="Detail" x="479" y="0" width="76" height="18" origin="4" srcId="16" printId="2"/>
				<font size="14"/>
				<textContent><![CDATA[1]]></textContent>
			</text>
		</frame>
		<frame>
			<reportElement uuid="cba10e43-e74d-4f85-89ef-9aeb71db950b" style="Row" mode="Opaque" x="20" y="214" width="555" height="18" origin="4" srcId="11" printId="3"/>
			<text textAlignment="Center" textHeight="16.098633" lineSpacingFactor="1.1499023" leadingOffset="-3.0283203" valueClass="java.lang.Integer">
				<reportElement uuid="dfb5f27a-b176-4a13-92bc-d71d330c59e5" style="Detail" x="0" y="0" width="111" height="18" origin="4" srcId="12" printId="3"/>
				<font size="14"/>
				<textContent><![CDATA[20]]></textContent>
			</text>
			<text textAlignment="Center" textHeight="16.098633" lineSpacingFactor="1.1499023" leadingOffset="-3.0283203">
				<reportElement uuid="46686c9b-5620-4509-bffe-a2d284dfc029" style="Detail" x="111" y="0" width="175" height="18" origin="4" srcId="13" printId="3"/>
				<font size="14"/>
				<textContent><![CDATA[Marta Rodríguez]]></textContent>
			</text>
			<text textAlignment="Center" textHeight="16.098633" lineSpacingFactor="1.1499023" leadingOffset="-3.0283203">
				<reportElement uuid="67f3c879-52d8-48ca-9a06-6b37d868eb25" style="Detail" x="286" y="0" width="123" height="18" origin="4" srcId="14" printId="3"/>
				<font size="14"/>
				<textContent><![CDATA[78901234G]]></textContent>
			</text>
			<text textAlignment="Center" textHeight="16.098633" lineSpacingFactor="1.1499023" leadingOffset="-3.0283203">
				<reportElement uuid="8423defb-e26e-428c-b2cb-1e7ea3d467a2" style="Detail" x="409" y="0" width="70" height="18" origin="4" srcId="15" printId="3"/>
				<font size="14"/>
				<textContent><![CDATA[SMR]]></textContent>
			</text>
			<text textAlignment="Center" textHeight="16.098633" lineSpacingFactor="1.1499023" leadingOffset="-3.0283203" valueClass="java.lang.Integer">
				<reportElement uuid="ad4b96eb-0fdc-4895-bf07-454e7ff7f334" style="Detail" x="479" y="0" width="76" height="18" origin="4" srcId="16" printId="3"/>
				<font size="14"/>
				<textContent><![CDATA[1]]></textContent>
			</text>
		</frame>
		<frame>
			<reportElement uuid="cba10e43-e74d-4f85-89ef-9aeb71db950b" style="Row|1" mode="Opaque" x="20" y="232" width="555" height="18" origin="4" srcId="11" printId="4"/>
			<text textAlignment="Center" textHeight="16.098633" lineSpacingFactor="1.1499023" leadingOffset="-3.0283203" valueClass="java.lang.Integer">
				<reportElement uuid="dfb5f27a-b176-4a13-92bc-d71d330c59e5" style="Detail" x="0" y="0" width="111" height="18" origin="4" srcId="12" printId="4"/>
				<font size="14"/>
				<textContent><![CDATA[23]]></textContent>
			</text>
			<text textAlignment="Center" textHeight="16.098633" lineSpacingFactor="1.1499023" leadingOffset="-3.0283203">
				<reportElement uuid="46686c9b-5620-4509-bffe-a2d284dfc029" style="Detail" x="111" y="0" width="175" height="18" origin="4" srcId="13" printId="4"/>
				<font size="14"/>
				<textContent><![CDATA[Pablo Díaz]]></textContent>
			</text>
			<text textAlignment="Center" textHeight="16.098633" lineSpacingFactor="1.1499023" leadingOffset="-3.0283203">
				<reportElement uuid="67f3c879-52d8-48ca-9a06-6b37d868eb25" style="Detail" x="286" y="0" width="123" height="18" origin="4" srcId="14" printId="4"/>
				<font size="14"/>
				<textContent><![CDATA[01234567J]]></textContent>
			</text>
			<text textAlignment="Center" textHeight="16.098633" lineSpacingFactor="1.1499023" leadingOffset="-3.0283203">
				<reportElement uuid="8423defb-e26e-428c-b2cb-1e7ea3d467a2" style="Detail" x="409" y="0" width="70" height="18" origin="4" srcId="15" printId="4"/>
				<font size="14"/>
				<textContent><![CDATA[SMR]]></textContent>
			</text>
			<text textAlignment="Center" textHeight="16.098633" lineSpacingFactor="1.1499023" leadingOffset="-3.0283203" valueClass="java.lang.Integer">
				<reportElement uuid="ad4b96eb-0fdc-4895-bf07-454e7ff7f334" style="Detail" x="479" y="0" width="76" height="18" origin="4" srcId="16" printId="4"/>
				<font size="14"/>
				<textContent><![CDATA[1]]></textContent>
			</text>
		</frame>
		<frame>
			<reportElement uuid="cba10e43-e74d-4f85-89ef-9aeb71db950b" style="Row" mode="Opaque" x="20" y="250" width="555" height="18" origin="4" srcId="11" printId="5"/>
			<text textAlignment="Center" textHeight="16.098633" lineSpacingFactor="1.1499023" leadingOffset="-3.0283203" valueClass="java.lang.Integer">
				<reportElement uuid="dfb5f27a-b176-4a13-92bc-d71d330c59e5" style="Detail" x="0" y="0" width="111" height="18" origin="4" srcId="12" printId="5"/>
				<font size="14"/>
				<textContent><![CDATA[25]]></textContent>
			</text>
			<text textAlignment="Center" textHeight="16.098633" lineSpacingFactor="1.1499023" leadingOffset="-3.0283203">
				<reportElement uuid="46686c9b-5620-4509-bffe-a2d284dfc029" style="Detail" x="111" y="0" width="175" height="18" origin="4" srcId="13" printId="5"/>
				<font size="14"/>
				<textContent><![CDATA[Toñi Ramírez]]></textContent>
			</text>
			<text textAlignment="Center" textHeight="16.098633" lineSpacingFactor="1.1499023" leadingOffset="-3.0283203">
				<reportElement uuid="67f3c879-52d8-48ca-9a06-6b37d868eb25" style="Detail" x="286" y="0" width="123" height="18" origin="4" srcId="14" printId="5"/>
				<font size="14"/>
				<textContent><![CDATA[74504706R]]></textContent>
			</text>
			<text textAlignment="Center" textHeight="16.098633" lineSpacingFactor="1.1499023" leadingOffset="-3.0283203">
				<reportElement uuid="8423defb-e26e-428c-b2cb-1e7ea3d467a2" style="Detail" x="409" y="0" width="70" height="18" origin="4" srcId="15" printId="5"/>
				<font size="14"/>
				<textContent><![CDATA[CFGB]]></textContent>
			</text>
			<text textAlignment="Center" textHeight="16.098633" lineSpacingFactor="1.1499023" leadingOffset="-3.0283203" valueClass="java.lang.Integer">
				<reportElement uuid="ad4b96eb-0fdc-4895-bf07-454e7ff7f334" style="Detail" x="479" y="0" width="76" height="18" origin="4" srcId="16" printId="5"/>
				<font size="14"/>
				<textContent><![CDATA[1]]></textContent>
			</text>
		</frame>
		<line>
			<reportElement uuid="b9d1c7d0-ddd6-481e-b626-f24979f569d8" x="20" y="793" width="555" height="1" origin="5" srcId="17" printId="1"/>
			<graphicElement>
				<pen lineWidth="0.5" lineColor="#999999"/>
			</graphicElement>
		</line>
		<frame>
			<reportElement uuid="55ccf4e2-9e67-42f2-b665-99d1100bd82f" mode="Opaque" x="20" y="798" width="555" height="24" forecolor="#D0B48E" backcolor="#000000" origin="6" srcId="18" printId="1"/>
			<text verticalAlignment="Middle" textHeight="11.499023" lineSpacingFactor="1.1499023" leadingOffset="-2.163086">
				<reportElement uuid="23d30bdf-4168-4d0a-87fa-0dc148fda7d8" style="Column header" x="513" y="0" width="40" height="20" forecolor="#FFFFFF" origin="6" srcId="19" printId="1"/>
				<font size="10" isBold="false"/>
				<textContent><![CDATA[ 1]]></textContent>
			</text>
			<text textAlignment="Right" verticalAlignment="Middle" textHeight="11.499023" lineSpacingFactor="1.1499023" leadingOffset="-2.163086">
				<reportElement uuid="cccf4181-3cca-4406-a2f3-3798b925405b" style="Column header" x="433" y="0" width="80" height="20" forecolor="#FFFFFF" origin="6" srcId="20" printId="1"/>
				<font size="10" isBold="false"/>
				<textContent><![CDATA[Page 1 of]]></textContent>
			</text>
			<text verticalAlignment="Middle" textHeight="11.499023" lineSpacingFactor="1.1499023" leadingOffset="-2.163086" valueClass="java.util.Date" pattern="EEEEE dd MMMMM yyyy">
				<reportElement uuid="834d0356-74c3-45c1-85b6-4a44af5f685d" style="Column header" x="2" y="1" width="197" height="20" forecolor="#FFFFFF" origin="6" srcId="21" printId="1"/>
				<font size="10" isBold="false"/>
				<textContent><![CDATA[martes 11 febrero 2025]]></textContent>
			</text>
		</frame>
	</page>
</jasperPrint>
