<?xml version="1.0" encoding="UTF-8"?>
<jasperPrint xmlns="http://jasperreports.sourceforge.net/jasperreports/print" xmlns:xsi="http://www.w3.org/2001/XMLSchema-instance" xsi:schemaLocation="http://jasperreports.sourceforge.net/jasperreports/print http://jasperreports.sourceforge.net/xsd/jasperprint.xsd" name="report4" pageWidth="595" pageHeight="842" topMargin="20" leftMargin="20" bottomMargin="20" rightMargin="20" locale="es_ES" timezone="Europe/Madrid">
	<property name="net.sf.jasperreports.export.xml.start.page.index" value="0"/>
	<property name="net.sf.jasperreports.export.xml.end.page.index" value="0"/>
	<property name="net.sf.jasperreports.export.xml.page.count" value="1"/>
	<origin group="ciclo_formativo" band="groupHeader"/>
	<origin group="ciclo_formativo" band="groupFooter"/>
	<origin band="background"/>
	<origin band="title"/>
	<origin band="pageHeader"/>
	<origin band="columnHeader"/>
	<origin band="detail"/>
	<origin band="columnFooter"/>
	<origin band="pageFooter"/>
	<origin band="summary"/>
	<style name="Title" forecolor="#FFFFFF" fontName="Times New Roman" fontSize="50" isBold="false" pdfFontName="Times-Bold"/>
	<style name="SubTitle" forecolor="#CCCCCC" fontName="Times New Roman" fontSize="18" isBold="false" pdfFontName="Times-Roman"/>
	<style name="Column header" forecolor="#666666" fontName="Times New Roman" fontSize="14" isBold="true" pdfFontName="Times-Roman"/>
	<style name="Detail" mode="Transparent" fontName="Times New Roman" pdfFontName="Times-Roman"/>
	<style name="Row" mode="Transparent" fontName="Times New Roman" pdfFontName="Times-Roman"/>
	<style name="Row|1" mode="Opaque" backcolor="#F0EFEF" fontName="Times New Roman" pdfFontName="Times-Roman"/>
	<page>
		<frame>
			<reportElement uuid="cee697f8-71d7-4af7-97e8-e1239755f5ad" mode="Opaque" x="20" y="20" width="555" height="95" backcolor="#000000" origin="3" srcId="3" printId="1"/>
			<text textAlignment="Center" verticalAlignment="Middle" textHeight="29.89746" lineSpacingFactor="1.1499023" leadingOffset="-5.6240234">
				<reportElement uuid="f7520adf-9d44-4665-a298-b8003b93d155" style="Title" x="0" y="0" width="555" height="66" origin="3" srcId="4" printId="1"/>
				<font size="26" isBold="true"/>
				<textContent><![CDATA[Alumnos que no participan en FPDual por ciclo]]></textContent>
			</text>
			<text textHeight="25.297852" lineSpacingFactor="1.1499023" leadingOffset="-4.758789">
				<reportElement uuid="8a955851-0ceb-4593-bff0-e3554258bd0b" style="SubTitle" x="0" y="66" width="249" height="29" origin="3" srcId="5" printId="1"/>
				<font size="22" isBold="false"/>
				<textContent><![CDATA[No participan:]]></textContent>
			</text>
		</frame>
		<frame>
			<reportElement uuid="83cb0898-4ac6-4159-86b2-0f1cd724ea11" mode="Opaque" x="20" y="120" width="555" height="32" forecolor="#000000" backcolor="#CC0000" origin="3" srcId="6" printId="1"/>
			<text textAlignment="Right" textHeight="15.09375" lineSpacingFactor="1.2578125" leadingOffset="-2.6367188" valueClass="java.util.Date" pattern="EEEEE dd MMMMM yyyy">
				<reportElement uuid="a5027b2b-ec94-40c3-82e7-14a984ba484b" x="411" y="12" width="144" height="20" forecolor="#FFFFFF" origin="3" srcId="7" printId="1"/>
				<font size="12"/>
				<textContent><![CDATA[martes 11 febrero 2025]]></textContent>
			</text>
		</frame>
		<text textAlignment="Center" textHeight="16.098633" lineSpacingFactor="1.1499023" leadingOffset="-3.0283203">
			<reportElement uuid="d6cc81df-cf94-46ec-b9a2-5d8426fd8a67" style="Column header" x="20" y="159" width="113" height="18" forecolor="#000000" origin="5" srcId="8" printId="1"/>
			<font isBold="true"/>
			<textContent><![CDATA[ID]]></textContent>
		</text>
		<text textAlignment="Center" textHeight="16.098633" lineSpacingFactor="1.1499023" leadingOffset="-3.0283203">
			<reportElement uuid="00ffcf22-9398-4881-96fa-b70b0c1aa3a0" style="Column header" x="133" y="160" width="204" height="18" forecolor="#000000" origin="5" srcId="9" printId="1"/>
			<font isBold="true"/>
			<textContent><![CDATA[Nombre]]></textContent>
		</text>
		<text textAlignment="Center" textHeight="16.098633" lineSpacingFactor="1.1499023" leadingOffset="-3.0283203">
			<reportElement uuid="e938335d-0813-47b9-b8f2-9c8226e8d9e9" style="Column header" x="337" y="160" width="153" height="18" forecolor="#000000" origin="5" srcId="10" printId="1"/>
			<font isBold="true"/>
			<textContent><![CDATA[DNI]]></textContent>
		</text>
		<text textAlignment="Center" textHeight="16.098633" lineSpacingFactor="1.1499023" leadingOffset="-3.0283203">
			<reportElement uuid="7bcdad16-65e7-48e3-987e-b152cfb03502" style="Column header" x="490" y="159" width="82" height="18" forecolor="#000000" origin="5" srcId="11" printId="1"/>
			<font isBold="true"/>
			<textContent><![CDATA[Curso]]></textContent>
		</text>
		<frame>
			<reportElement uuid="c97c5fdf-03ed-4e27-9a57-b1f18f6a52c0" mode="Opaque" x="20" y="185" width="555" height="24" forecolor="#B89F7D" backcolor="#000000" origin="0" srcId="1" printId="1"/>
			<text textAlignment="Center" textHeight="20.698242" lineSpacingFactor="1.1499023" leadingOffset="-3.8935547">
				<reportElement uuid="faa102b7-759d-4d4a-93ac-17ae2d4de4fa" style="SubTitle" x="2" y="0" width="479" height="24" forecolor="#FFFFFF" origin="0" srcId="2" printId="1"/>
				<font isBold="false"/>
				<textContent><![CDATA[CFGB]]></textContent>
			</text>
		</frame>
		<frame>
			<reportElement uuid="e6ed4dbf-69a1-4a87-9543-7735777ccf76" style="Row" mode="Opaque" x="20" y="215" width="555" height="18" origin="6" srcId="12" printId="1"/>
			<text textAlignment="Center" textHeight="16.098633" lineSpacingFactor="1.1499023" leadingOffset="-3.0283203" valueClass="java.lang.Integer">
				<reportElement uuid="2c89fff7-51bd-43af-8920-d56989f34cf3" style="Detail" x="0" y="0" width="113" height="18" origin="6" srcId="13" printId="1"/>
				<font size="14"/>
				<textContent><![CDATA[15]]></textContent>
			</text>
			<text textAlignment="Center" textHeight="16.098633" lineSpacingFactor="1.1499023" leadingOffset="-3.0283203">
				<reportElement uuid="0699de43-ae65-4f57-b029-e644282356a5" style="Detail" x="113" y="0" width="204" height="18" origin="6" srcId="14" printId="1"/>
				<font size="14"/>
				<textContent><![CDATA[Carlos Pérez]]></textContent>
			</text>
			<text textAlignment="Center" textHeight="16.098633" lineSpacingFactor="1.1499023" leadingOffset="-3.0283203">
				<reportElement uuid="72f635d7-a4fa-44a0-8bfe-40462c1aa7a5" style="Detail" x="317" y="0" width="153" height="18" origin="6" srcId="15" printId="1"/>
				<font size="14"/>
				<textContent><![CDATA[23456789B]]></textContent>
			</text>
			<text textAlignment="Center" textHeight="16.098633" lineSpacingFactor="1.1499023" leadingOffset="-3.0283203" valueClass="java.lang.Integer">
				<reportElement uuid="10e3128f-f043-4991-8866-acfc0800c42e" style="Detail" x="470" y="0" width="82" height="18" origin="6" srcId="16" printId="1"/>
				<font size="14"/>
				<textContent><![CDATA[1]]></textContent>
			</text>
		</frame>
		<frame>
			<reportElement uuid="e6ed4dbf-69a1-4a87-9543-7735777ccf76" style="Row|1" mode="Opaque" x="20" y="233" width="555" height="18" origin="6" srcId="12" printId="2"/>
			<text textAlignment="Center" textHeight="16.098633" lineSpacingFactor="1.1499023" leadingOffset="-3.0283203" valueClass="java.lang.Integer">
				<reportElement uuid="2c89fff7-51bd-43af-8920-d56989f34cf3" style="Detail" x="0" y="0" width="113" height="18" origin="6" srcId="13" printId="2"/>
				<font size="14"/>
				<textContent><![CDATA[25]]></textContent>
			</text>
			<text textAlignment="Center" textHeight="16.098633" lineSpacingFactor="1.1499023" leadingOffset="-3.0283203">
				<reportElement uuid="0699de43-ae65-4f57-b029-e644282356a5" style="Detail" x="113" y="0" width="204" height="18" origin="6" srcId="14" printId="2"/>
				<font size="14"/>
				<textContent><![CDATA[Toñi Ramírez]]></textContent>
			</text>
			<text textAlignment="Center" textHeight="16.098633" lineSpacingFactor="1.1499023" leadingOffset="-3.0283203">
				<reportElement uuid="72f635d7-a4fa-44a0-8bfe-40462c1aa7a5" style="Detail" x="317" y="0" width="153" height="18" origin="6" srcId="15" printId="2"/>
				<font size="14"/>
				<textContent><![CDATA[74504706R]]></textContent>
			</text>
			<text textAlignment="Center" textHeight="16.098633" lineSpacingFactor="1.1499023" leadingOffset="-3.0283203" valueClass="java.lang.Integer">
				<reportElement uuid="10e3128f-f043-4991-8866-acfc0800c42e" style="Detail" x="470" y="0" width="82" height="18" origin="6" srcId="16" printId="2"/>
				<font size="14"/>
				<textContent><![CDATA[1]]></textContent>
			</text>
		</frame>
		<frame>
			<reportElement uuid="c97c5fdf-03ed-4e27-9a57-b1f18f6a52c0" mode="Opaque" x="20" y="264" width="555" height="24" forecolor="#B89F7D" backcolor="#000000" origin="0" srcId="1" printId="2"/>
			<text textAlignment="Center" textHeight="20.698242" lineSpacingFactor="1.1499023" leadingOffset="-3.8935547">
				<reportElement uuid="faa102b7-759d-4d4a-93ac-17ae2d4de4fa" style="SubTitle" x="2" y="0" width="479" height="24" forecolor="#FFFFFF" origin="0" srcId="2" printId="2"/>
				<font isBold="false"/>
				<textContent><![CDATA[SMR]]></textContent>
			</text>
		</frame>
		<frame>
			<reportElement uuid="e6ed4dbf-69a1-4a87-9543-7735777ccf76" style="Row" mode="Opaque" x="20" y="294" width="555" height="18" origin="6" srcId="12" printId="3"/>
			<text textAlignment="Center" textHeight="16.098633" lineSpacingFactor="1.1499023" leadingOffset="-3.0283203" valueClass="java.lang.Integer">
				<reportElement uuid="2c89fff7-51bd-43af-8920-d56989f34cf3" style="Detail" x="0" y="0" width="113" height="18" origin="6" srcId="13" printId="3"/>
				<font size="14"/>
				<textContent><![CDATA[16]]></textContent>
			</text>
			<text textAlignment="Center" textHeight="16.098633" lineSpacingFactor="1.1499023" leadingOffset="-3.0283203">
				<reportElement uuid="0699de43-ae65-4f57-b029-e644282356a5" style="Detail" x="113" y="0" width="204" height="18" origin="6" srcId="14" printId="3"/>
				<font size="14"/>
				<textContent><![CDATA[Ana López]]></textContent>
			</text>
			<text textAlignment="Center" textHeight="16.098633" lineSpacingFactor="1.1499023" leadingOffset="-3.0283203">
				<reportElement uuid="72f635d7-a4fa-44a0-8bfe-40462c1aa7a5" style="Detail" x="317" y="0" width="153" height="18" origin="6" srcId="15" printId="3"/>
				<font size="14"/>
				<textContent><![CDATA[34567890C]]></textContent>
			</text>
			<text textAlignment="Center" textHeight="16.098633" lineSpacingFactor="1.1499023" leadingOffset="-3.0283203" valueClass="java.lang.Integer">
				<reportElement uuid="10e3128f-f043-4991-8866-acfc0800c42e" style="Detail" x="470" y="0" width="82" height="18" origin="6" srcId="16" printId="3"/>
				<font size="14"/>
				<textContent><![CDATA[1]]></textContent>
			</text>
		</frame>
		<frame>
			<reportElement uuid="e6ed4dbf-69a1-4a87-9543-7735777ccf76" style="Row|1" mode="Opaque" x="20" y="312" width="555" height="18" origin="6" srcId="12" printId="4"/>
			<text textAlignment="Center" textHeight="16.098633" lineSpacingFactor="1.1499023" leadingOffset="-3.0283203" valueClass="java.lang.Integer">
				<reportElement uuid="2c89fff7-51bd-43af-8920-d56989f34cf3" style="Detail" x="0" y="0" width="113" height="18" origin="6" srcId="13" printId="4"/>
				<font size="14"/>
				<textContent><![CDATA[20]]></textContent>
			</text>
			<text textAlignment="Center" textHeight="16.098633" lineSpacingFactor="1.1499023" leadingOffset="-3.0283203">
				<reportElement uuid="0699de43-ae65-4f57-b029-e644282356a5" style="Detail" x="113" y="0" width="204" height="18" origin="6" srcId="14" printId="4"/>
				<font size="14"/>
				<textContent><![CDATA[Marta Rodríguez]]></textContent>
			</text>
			<text textAlignment="Center" textHeight="16.098633" lineSpacingFactor="1.1499023" leadingOffset="-3.0283203">
				<reportElement uuid="72f635d7-a4fa-44a0-8bfe-40462c1aa7a5" style="Detail" x="317" y="0" width="153" height="18" origin="6" srcId="15" printId="4"/>
				<font size="14"/>
				<textContent><![CDATA[78901234G]]></textContent>
			</text>
			<text textAlignment="Center" textHeight="16.098633" lineSpacingFactor="1.1499023" leadingOffset="-3.0283203" valueClass="java.lang.Integer">
				<reportElement uuid="10e3128f-f043-4991-8866-acfc0800c42e" style="Detail" x="470" y="0" width="82" height="18" origin="6" srcId="16" printId="4"/>
				<font size="14"/>
				<textContent><![CDATA[1]]></textContent>
			</text>
		</frame>
		<frame>
			<reportElement uuid="e6ed4dbf-69a1-4a87-9543-7735777ccf76" style="Row" mode="Opaque" x="20" y="330" width="555" height="18" origin="6" srcId="12" printId="5"/>
			<text textAlignment="Center" textHeight="16.098633" lineSpacingFactor="1.1499023" leadingOffset="-3.0283203" valueClass="java.lang.Integer">
				<reportElement uuid="2c89fff7-51bd-43af-8920-d56989f34cf3" style="Detail" x="0" y="0" width="113" height="18" origin="6" srcId="13" printId="5"/>
				<font size="14"/>
				<textContent><![CDATA[23]]></textContent>
			</text>
			<text textAlignment="Center" textHeight="16.098633" lineSpacingFactor="1.1499023" leadingOffset="-3.0283203">
				<reportElement uuid="0699de43-ae65-4f57-b029-e644282356a5" style="Detail" x="113" y="0" width="204" height="18" origin="6" srcId="14" printId="5"/>
				<font size="14"/>
				<textContent><![CDATA[Pablo Díaz]]></textContent>
			</text>
			<text textAlignment="Center" textHeight="16.098633" lineSpacingFactor="1.1499023" leadingOffset="-3.0283203">
				<reportElement uuid="72f635d7-a4fa-44a0-8bfe-40462c1aa7a5" style="Detail" x="317" y="0" width="153" height="18" origin="6" srcId="15" printId="5"/>
				<font size="14"/>
				<textContent><![CDATA[01234567J]]></textContent>
			</text>
			<text textAlignment="Center" textHeight="16.098633" lineSpacingFactor="1.1499023" leadingOffset="-3.0283203" valueClass="java.lang.Integer">
				<reportElement uuid="10e3128f-f043-4991-8866-acfc0800c42e" style="Detail" x="470" y="0" width="82" height="18" origin="6" srcId="16" printId="5"/>
				<font size="14"/>
				<textContent><![CDATA[1]]></textContent>
			</text>
		</frame>
		<line>
			<reportElement uuid="a266a3a8-ad03-4158-880e-65bf5582a800" x="20" y="793" width="555" height="1" origin="7" srcId="17" printId="1"/>
			<graphicElement>
				<pen lineWidth="0.5" lineColor="#999999"/>
			</graphicElement>
		</line>
		<frame>
			<reportElement uuid="107e3c8c-3637-4678-bf13-70cbfbbab86a" mode="Opaque" x="20" y="798" width="555" height="24" forecolor="#D0B48E" backcolor="#000000" origin="8" srcId="18" printId="1"/>
			<text verticalAlignment="Middle" textHeight="11.499023" lineSpacingFactor="1.1499023" leadingOffset="-2.163086">
				<reportElement uuid="21902c80-468e-4831-8fe9-7eab46573a36" style="Column header" x="513" y="0" width="40" height="20" forecolor="#FFFFFF" origin="8" srcId="19" printId="1"/>
				<font size="10" isBold="false"/>
				<textContent><![CDATA[ 1]]></textContent>
			</text>
			<text textAlignment="Right" verticalAlignment="Middle" textHeight="11.499023" lineSpacingFactor="1.1499023" leadingOffset="-2.163086">
				<reportElement uuid="c2793fa8-8808-44fa-b7db-670b719ce52a" style="Column header" x="433" y="0" width="80" height="20" forecolor="#FFFFFF" origin="8" srcId="20" printId="1"/>
				<font size="10" isBold="false"/>
				<textContent><![CDATA[Page 1 of]]></textContent>
			</text>
			<text verticalAlignment="Middle" textHeight="11.499023" lineSpacingFactor="1.1499023" leadingOffset="-2.163086" valueClass="java.util.Date" pattern="EEEEE dd MMMMM yyyy">
				<reportElement uuid="e187b6a1-b72e-4f19-9c3e-773928d3004d" style="Column header" x="2" y="1" width="197" height="20" forecolor="#FFFFFF" origin="8" srcId="21" printId="1"/>
				<font size="10" isBold="false"/>
				<textContent><![CDATA[martes 11 febrero 2025]]></textContent>
			</text>
		</frame>
	</page>
</jasperPrint>
